d2a890bb4efca6eec3f3c9690dbb60bedcaa7bcfb6cc6d87845ee7d09cfc8991,55119b4605400b744990cd24dd40c1430d7e69b2c7531f655a3ee5426c3e90ba,e70fff408f4a70777f4803d3c46012960e085b4836f90e6c8f55c9885d6177a5,c65fcf9a7c2314c0cf1b0370c4eb31680247dae602dc4bd268b43a3520dec8c7,b91b761380cceaef2a9eb4c29b4bc1cb77f6f0d12c6572be4792ddfb23c259e3,c0160a7df8dd704fa9766598fe00a775f4a0c6e01cab51095456a37011740a4b,7e63dcffb454a123bf51bf8bc8e3f2d7e356be2922c85471f7d73ba409856545,006e728d55205ec4359064cf50aaeb3f25f6fb862d8b247fed23d5182c587bd3,fb334888aded8f9f3def82cf3c7456d46813d15b221810a4a490914bbeeb8594,840356ab028b29a326da923ce47cf560f774270f89971e0d6a904b94b38d8861,6c6ef563fffa795d0dc0cdad474587159fa3427df84d73f765d124411dff939b,717aef9a591fcc3e1d4c365baf55bcff9c59804ccf0691dad89d90258b8db0a8,1a8a3cb028abeadbd0644ed2214a37f96b884d664824b9739c96c2f4093fa9fe,b6546769c1f52cbc6f9054c29c7443fd55b54383d90cad97a2704e78915636e5,a03621494d7ec8ab4b2f207a5032a07b3c54ca37390152fc29d07546fe6202d8,51b9c7f87947eb6de70cb79a3a714a77f8e77ae952d322f24e7c18c6aa470035,b902273d195276cba416ae3f5e74c4babe59e77aae92da0a5186e84f0b706ced,552b44e7ec9017f991172bc8d887d5ca9045ebe9b5e4669f3df7e4475e438593,6fd6521cb0d9d185e1102b9ded7295e465be6f95f6e5699f679020c4f8b9d16b,eac73b4531ffdc753c41a55e975965a209a09686ee6cff32b0bfd2246eb4d995,
15a21e6d820782763978faa8d26105385eefbf806a7542b284b02dd21c8ecf06,0ef498f49c0697d741074d9a100727f4b115c4ca88cc3890bdf982277cd9f13a,13046fcd6ba0dfeb01a07c355f496534a70423a93409133c001725cb40c5431d,6911fd5e4054dc5925e27f61c6885e408c21c69b4e26f84307a05e54a0202d7a,6715f41c696a287cda4536d7ce13ecbdf508c2030e2d34d8a0e2d839cdfb8b45,4436a227f9a36f3d764e9e5cc9985170955c911ac37a0056aa62c5e001497304,d09afbacc9ebe73bdc84c4378053906d225eece846dd554bfaa0d374d2f64beb,6e19ae5109fcbfab345eaa8d81524274cc5df01f5c4e8afaf7029a599bf4b58f,ca20dab1bdae519d82aec8a45ae2da4292a4444c2f8987b8fb16660622a496b1,aa30c90b816ae67bb3e8eefdc480c49fbb7bbf0a99e6394c982857caa7a72fbc,6c42c88e56d6b7b895223377eb142cdf0221f61fbc6df0c8d93a4219ec812f7d,e0b364d0c5e84fc50b468fc7cf818f76caad5b0d8ba9b4e610c3f98fdabce9cb,6055fa47a7a3c9caafe24698398ad8cf18d83142505f16ed2e19f0c9b405b97d,960b2b6b75e0b6b0f850cf3b858c42186d91e1dab4e4e986b025236e7d223546,548cce0d97c8d7da5a10790f2335c252b895efbfb0e4fc9496c282e7944da56e,09aa16dbbd9194bbc166ff41c7f714f6253e43ee11133b7b4111079e1244d877,0924b4d29d39f557963a54e8d30ebbe727c3b9c70378fca1c47c2a0e35804e55,3f415afea4f6f0a917266c5098108d9ddbfebf3b1305ec83fb4e99c6a4801857,bab93a1cf92277619a8d86c3b6b387eb8739578ec8566acca6157cf7ea0db958,053c658475dc571e4a0afcf5679fde48e976d531e30c4591f5886bdd495ab5c1,
57cf98b6f136ebfecf6a13bebf63ac3eaa3ecf701bf961dc32b6d154dbf340a5,55f7ebcd39ebd7d29c9f5bd1de48a7723014d0a4ee54b20096e419afc8d8d511,9eb9879dd202a363f13ce199243f641531a4fe48816669e8c2775085e868735d,bd5f5f98f87003cea3b1bac4d5ae8e29caa0470ab291139d5cde96b337421795,6afc2ac71cb9bb33b23c714359e6d16a779fc9a17a32fa4ede5b119e01411041,5b6483bd5d78b5bb237aa8d7973a8554398900c0accbf5aa8a6ef2e3dd23398e,ba5af6f2122f3d123e8af82366ba8c94e5887a879cd325fc9ab25466ae321b04,8d10d90a40ef8cf2551b6ca2e5550bb156dfc142da96b588dc8f0bd6ed16f5e3,de5901ab78fb0553146658a3bdc3cdd4f04cd3044de270459cb383003960eadb,e3daba96e716531e21a681ea3ad7067a29beda3f129767d368eeaa2eb5c07fe6,58a0905a0573ccff5a18e8d41426674f86008f98d5a1383f25c6f5eb646cdab9,734b835c16129981b2306a22d757b05cf025d6e6cb333b4877ad8fbca5a850f0,a1863e42ef54e2105a54622ca8aaf23fa516bd0db796b87b2ba995429bfe5cd8,a74801a4439e5bc2c8a50ed95be72808f9b2ea069b9d53e431d8814e3ad65ea9,ef4bafd5808dcd7a90d959cc7061c2085a42e88b222b7a283082d7b5afb75b77,65b1f7781a0ee0ff11503b8d9995de979e2e27536f6b2c07450c3768a5528904,0af1adeff3a1828556c273da60604229249d733ce5cd2489b4c7e3ab25b6ece0,d5569a01aac96a3d70955b480d364d98133028ed6b1f692f2b7472e7c88518f7,fe13f79eeffeeae05fb94ea594575884bc6b0f804f70686706515a578a1ff6d1,e0f6574f04310ccf7238de63b995c784f80dc8d73985c0d2a00a3520b6e8aa16,
879492db8fd851f58141fa3faa5759594ff266fa8eeb7641b55bad4b27285cb6,82c79dc71c6f3d68188d5824561f7c51392fdad65ac5cdb248d99303cb428f2f,62944c14cd5750bafd1138258ddeaaccf4bd8057270e0704bbb8a2d795a4a703,247ddfc6be399da7f7520a1b9d83b913d0a21375befb9c1d7cd40ff1ce258319,7f596e992a9a88aa4debccd36ef7d719968d209e4a860559832d692c2cac612d,1a0336a9193dde5bac819637bcc5fa5dacfe392d5d98844a46f077fbb8ad3100,8562a350a5c63185addbac0c0a3a9f183e51f49e9984be49e160ed3bd09a9903,1bb2dc8659c5bc529191a7cec6100129c366dc5486531738733604c1e6102329,745e491b05800266631763bda4a45bf4b0072a4f7d5f60152945e3282a39828c,3d8a5933f806df42dc55aa198f1c6ffbd800705ea3cb265a8491516aff1e9369,0a8fc22c5bca6ce9f899451954cbfa124207d1f784b6049968d9e41d5e57223e,3adc3e37a198be8a0c98aa92c5146af1a0b613a96ee0d88c6e607bf663d907d6,bacd990e87b4ca314bc1714e571f08c5f0e750a9501ed2342c99f59e429db96b,c8f5198b9fa73c9481d3ebc2302060464db2b69e19bd5b83511a82611ee4d748,fadb2a68c6933d3632d95356abaef38f7d2cc3fad8df7031c057c1a65bf8c8b8,858ec5c0d33fa97bac2d802e3e94a6990ce18ecf1393c3c6f951cf22ab6b1bbf,c35324cc9a612424852abae196f1531f49a8019dca6f6cf042267e1763654de3,6c206087af9a85d35a9d0e45d30c1c0ea9117b3d1007f4a9ee01cf5d6c454f33,750efad03220e4d3e86211de77e62b9371bec73ea2a7d1925fb3e4fe6e7469b0,bab5ce7a0e3b15c2d75b4d8f09c02480a945d97b8a6471797ca3491fb8f9da17,
7bd8d46862676ec27f775c032f4ab64122e79811961fc9281cf0dc0f7dbbe4f7,f047aa897d2aa154b09c267fcf944364a5aa8486a749133387907d620fbb1c56,361d2b918b9ad1ee6b93f60bf01d7e47f1df790096553aacf70867781d6fa655,10cb8a7cb0cb5984f2b9932ac8b4392ad008e9230c97ecbd1a3e67cfe78a53e0,143a64ae2746539fd18ea42a82b8189bbc307f87646651bdfb05d37df124bfce,48fc027be5c12c498f325a9ac4c0e71663fef563aec3224354d9a1256d28fccf,7b62d3f5b7395e3726ba41bb29df1a451cdd532e1376297374e916240a29a177,3318f29cbd3046945ca388e8a3dd3a3916376a6b592c6a9b7f8c195bec00fea3,ee7ae0d0e6b17418c7c84839433ebb45135a087df2d0a2e94de2b50bbdcb286a,5e12021fb4d73b9dea0c82851f6297206fdaf8a4a762175bcb8a4fc8ca8485ab,4ac69a44404c20cda383b69130561a423c70dcd9427d9500bad3fc9232db312f,919c6f3407d48c14a63a15307738ff0103c6fad7d5855eb8ed6e53fd2ad94716,7ae289e7a65fd9eef0d392fd76492f6817214e8483fd9ad0b8ee617c0a99fca7,57f00cf16683425853eb80ad00f60ff757086ff27abd8717a7c3f336691dd27a,eac85929d83fec4af22318c9270c82011916fa1d4011302257b61359b77c006a,502701d713748a20045562b257ab895a51963fa349149a8adb0867a628e4fb16,4c6c6386dda4e19deb2e924de07987d8ab23272e23f090cd72f900dc73fe4416,9510006849a0759a1f64d638263449177368cf7fd6e56fb4e6c10effbcd0e913,1d54840425ab5a5ad4b581fc2af6a3c60b220139234a3e9ecadde2081cd8a6ab,9fcedbb397730e20f1a0405a8b4b954c8994701c6919f31fb97eca7be6fcaa77,
6309dd0f04ff1e6151c3cdd0d8b0a90eac2551e9e2d51d83ca1536b2c2c8ca95,34444a116fddbd79f68859d34a2432aa55a3a655ae94d593495a0081a15ec643,fb12117be4bee31d20a7a2caa5c7c918a90a0be3872f5ad6252035d097a94387,0b1d3f70e59b5a524e1eaf455d96f60588c607fc70a907e40308df745bdd658c,b1434850a1e7cc86bb21fe0e51c617fd43035738290b95f8699d3478e0b07cb9,32c9069aeb445bc5a11d50e7cdff9309e1b07a99ae970d86037338d213fa80e8,6c25e3b26e52e9397f52367a162005c5bf402cb761619a9b65049d1b64aeff68,f74b90af439ffea472278ec10dd6d44f9abe94eaa7c139b2d28eb2895c6933d5,677c702cc7f503eece2f333e506aa04c09e622971f2335bac36e2c9dabc9323e,d61af851eb95ef07179c06a4ba5192fcb1505325c8b4e205a6610f87cece7b86,f09b319312a934cbc009e8744a70a65acd7dc28edfa4710f948e1d2a705ebbc5,89c4f59c76504ca7519ca1db0ba56c6d4a1bdc4464a6eb8a6606d855461c8fbb,84106335c57c85a8dc6f639bd19f2ae2d43a7abd4779f9e8a136fc5e0072a1c0,f2479b540de6be7d3a44495badb4700739f3381a61c38b20b78204e31bfeb459,086b3938d5ffeec32b841c3fcfc2f6c55a4eab4e3bff4ab8b8c0f19301b0449e,0dfaa25a250f498f921e58b4ab6731ffc08aeaf082d9c5c7c8947db2bdd89e26,4d74d95b5a60ad906cc7329b3dd64e48f700f06fc36ca6e3dd80fe7f35f3993a,42fc6ed31740e415b530aaeb857bf4febdded6b9f83df329e859513b3382357c,9c3d3b95174f3b36ceb69510c4f44d8eaaea0500c21f7d5ecc8a34fa2b544741,626c5d68ea7fa8305937fe5f27ae14b02d8b78ed8540b65e84161a41741a617f,
aea78672148a0ea5824f69783abff6b5e6cbe24ee7c6d2e185297d8accf1156c,a7091d11a5c319d6b743020f3b5e554f96cd3d15d4818c9c43d116324dbb7cf8,88a058d0e1cffe62c7bfc517e96bc7f88086942faf5eb9650cf7caaccc61dd47,3de3d90baf22dce0c56a4a5478b48ba908bc65f1e185d6816679ec8b25aa7fec,798ce63e02ccbc93ac539d91403c474933ae64e181732c1bf4509423cd778691,cbf0ab5f2beb2c9dffc321d74295e58f61a870364531a4654a28629ff9c5cdb1,936296dadcf72f2fa778f6a79d41916afaed7d2e746418150e900ef88f527dd2,936e76db7d647728473098819f722ac3742742f64087cccbfafbbdcf9fbc504c,c8aca8aa0ed9cca841cb6b435e6df5829e0d4ed771b6f174f6007f701a125802,f4d0da300f5027fcf0c1864d6e55157d2f845cc8da20db520bf35ae8c1f07e9e,f43c897d7cac44aa9683c079582551e8f13a2b8633732729d1b892aa3e383b9c,31e2c27da0e5d494d53e7d6f631ff7a69b2ba8ca5639117e7d29afba4355fcb0,301dea1e0f7d78a2130efd24e1ba012d823b95fed4b04523289412950e4536d1,0e55f0206aad4367dbee4499dfd4210f9d900e20f6ff900c956bcaf1c706630e,660cb3a28a0dbf200e3e1e0b155bfa37d50e3114d1d8c2c2998e51036a769ed3,732681a303ea745ae8134c9ea6bd7aed4c2bdcd2667c3b8b09e67f2da4400cdf,e1372cc6465872bf3b2c52142a397436de8899c241ca13b974310adc9bfa0366,4e934d55463c1d7ca08289dae67c3a27088bbb8b8cefa0788d8a394cd3ffe8d6,70e383d9bedda47b89e65c36f47d5a15723920f0c2fa19b9adf926d1519815f1,f0d3c41cb920e3760af547f18feb100dd07d54802e62791ba6b9a788374946f2,
42274db4b80d510e6f9cc6cee34b4921525f43961b2f0509c2f92f07d2b581b6,90c811d3a35f924d1edbe3eda4b252ee9478ca09cdcb6d3fab13fafc5d510685,6a476eb62188522b1bfaa4753b84bb3305d48198b242ddf0b9c57731cff5eadb,63caf889e68a9f8341ce2c19dea907012b1493be805f7685507fdf3b7e826d6f,7eb627e6abf732485020b7946220dd75c3cdad59f4ca6d3d605065ab5dfd60ae,64b56b6ecf84ea096500b5083d8758cb8bc61771436d6c5d2ef52f31afd4f55b,c5d2c980f1d1b7bd36c17fa2c9bba55a20ae38805fb6baea3d0d4b24b47bf6dd,a527d982795a436ed3c31e107378282864cfcaec7663cbf61a635d69f39523e4,0bc502b9d5e46806684cb0e38c5d3d214e5b8ff3492a50362b68d0499f798795,e84c7df2ff58d002b846c32c2e6460e8d689dd85432fec06796a413f0bb952a4,8c85b758be75360e0e65c1619ab6197f28a58569f70711b197758178e3ad1df1,28241c93b0030959cbc8600da696ba8360943c6dc43a655e197bb19173373ba0,349a825596ae577c165bc7cda08bfe662c37e388688e9bf3d306e7ea2e5e5415,11c0d74ab86a1ba7dee27330f5d7bdb86db4ad4f79d73cc241415361e4c1216c,45fe9264238cddd221198e2facdae665031b52f5f144f285b07e8fe2606616a3,d548e494033c398a20a68856f53be63bb96b063297929b0ab548c7b6d3d12b2c,23743a2d39063638df4b49258cb5cee1156f04624152f8bb4ad3b2485828fed6,029575d3ba32245834cbf6d81735b1098c4bbaab2373b96c4f6585fdc59264c9,7a6bbceb5969bf4ed221767c919117b2a89a110e9c053f85be1c4cad632e7810,e3bc07102436397ac22dc64a336399706b2f02146ae6b83c2c0c668b44b61318,
046c8a0be3c2233da4404d3ce72db02859179dfa9f2578315c46f11dbc1aacf1,dca0ec61838bcb52a150a074fd53db3bafc043b691b19934c3565c758a150837,6d7b13c49596e7664695ca880c5fbd19ccf31c81edaf786bb6b202caf637a2b5,3a2cf75c11fe0688c4c2f5b7fbf1ccbe5e0ab0e0cb38e8a0343142111704e4eb,ad33c3381184747b3a7f3c32c49e08c417bbc316964fc4d8949ecb70baf72353,3cdd67f811e966c5a92a713d93733e20dd3657068d7b06d28f19b4d10c55d657,868a6ffdfe9586fda5700ecdd62ef2a66e9ab8a9eb7c3d77665d3c49a204cda7,223b993d8dbf0e2ead0ba5aceaf8b8916dcf949e49c8fe3d558ed47247b27f8a,a2787ca5e7169cb2cad6713c405e9aea63795be3a4f449ad96f6abe149bc6ad7,a2f7d9f7eba626dc4dacf4ba8d1a585e52c9a400f247556a711edcfe4a837ea2,716e01860c47c06dfcd540e8133acf4d3a8db5962869275c77965f0a6954afe3,9aec0b68c6e0a63529a88d094a437c4c945d7ca86a5da5db28b27631a5d8340b,8b8ce2543d9b4a24a1dcc29bc887352ab688270dbb39996c2c5a3ca87351ad97,b9fd8125ee3a6fe574b5b3657e26f5d5205ba2cfd6b7a2eb6421ec17cc99a464,eb644a049465c5fb5f659df686c6ff728fb57d43aabb24113950c1c4827f67dd,bd5f522233cfa6441f7b5e2f307dfa94be8e3b0f06c4f076becbc847e37d001e,6e3462e69913ed6e8a8f6ee2133169c9903a9125f2d794e5262e60e21214034f,19c590a7168ba6833ee42e4e9027688efcd765dbd3afa11ba7a6d722772c297c,10541f302862fa7141155386f91c176dd3be85325f52ceaa93ae9009b07f1731,e26eb44f0f1747eda89af30ab2a25e6ec3113a6fec922a92264b69456249e4b1,
e3ab5bc9dfdda07bafc24172ef28aab17a463e3d6b1c1512f6c72384a46603e1,ce1f39587519198939352c7de3f6ca593ee4672d1232fc27116f3476ba8592ba,3873193fb14f618767e2e17960d468af92fe9ac23064ca167f5f2a10f2f360d7,a4f1781c1d04a241def8692a62196cd534a67912a9a62b047384c4da448544b0,236543a0b40d289d244a0eee59b918c87efe6e0e27c83a5441bd95ee1ee6e033,dc938a98f87ec17ef19a2d5dfce3a34060657b90e78c1e744d3de550afe846b4,5a94488c8e76529bc2b1e88b2e34142c9e1a818969e032e3756fcf18b613c222,7033d37119f03081f0294b60cb62a752cff7f4cf78754f801272345011647463,606b5c49e2406a4b485867e55210c8858df660084eb51d64906ef4e55d5709e8,be5f28ef7cb190a94c2057871acde27d47af06c91569ef416e040a6cf2ee8082,ef1cf23b14087bda17521db21d6ce0b54ece891aa716be05144c02ca121eabf3,899aae0ffe49839b14b3733dcf6a2a799dbee9fadf44572fc38e463729b4afa9,d1ab0bc0f359c4035afe41676b4e130f780a94e0b496c04c317be1b9ca6c693a,f025f55b4c02e467163202cc09220b0139d65d5926191a750886206e9e0512bd,ca60123f4ea37c76642a06fbbc04ac58548bb954a31cb112e7394c29e04ac631,a8e3b1a1188a5515a9d5dc3dde660edfe48dbcb4cdc376390f4a0ad40abdd508,bd26b69ec34db43d054986aa78da38e8a8fed7717f81b69d6484145033dd6aed,de002c7389d8103487e7ed9e9dde53c0fa998f4aa8d7e57ee201133fa61e0a9b,0344b7e01fa1bd68c1bcdfee0d125f530d3c08aeac1144faf97efb3f0bb18f51,75af50923aa856e780883874bb21001db5e5eaa5b6a2e843d5cffa347e491a55,
f722cd9d0f6ceb6ac690ef89705f821cf00f7ec74fc68d21d2ce973000c6b483,01a902d5092782d71a5c3ed41417c295604344c27c6d7636f632299b988e2a4f,57fdf8afb2deb207aa260e0fcffa96658773fd81e33c93f568a6249286db411c,3243977d4022f17327d3b1535a348b683f14ba1b10b0bfccd8b33c6cb7b085f9,ecf0c93fb034d2d9576de1c8903ce14fd28ba3a42ea48d91b1d0a57f8343f7bf,c6009f6de5c9cda87dea46ef2f7805b1ff087d347b15b1c3c9cfded14d4dff89,34404467bb6fa2ec298f3a8f568b386d4f9a5b05a7d3688405db82e52609a9ce,f02444b71cd0de7548bea4341e950fd367b12ce97d13754a593b16d1b9a7c192,0718bf77ac3b5b996a631426ab3658cb3d81c19ac69723ea9bd73397463cdae3,bc0ce52cc4f7543578677c5ae0a2a0d7b19d1644525402e5dcc3828a79de5aa2,2f29b7d66e67dd70eaa4a357d851856b68a650c6444e197fef29117e8d9582ab,efb533855298b7182dac63649a62fa041638c691d3ffdbb5dbb6c095e176aa79,4180a2588b697b002cbe9c06f8137e55ff847c70515e605f421cecd30a304fdd,bbf14992f89c8ff0129bdde624c8375033a5a6f5a2189e9e2f01f3197ce5a1b7,9274842277d36271841278e2b68f2be97cbc32f9608cfb9f0c7301a05d51c96a,8f6aed372b54b91bf2e3b54b7d017f6a5cc88aadbd2e6e42a578471edf1e4ce9,c128597aecc32d3f670a3ba98f8c2c0798cefdadaec21f9c835dc2a570d01b5d,01c2dcb9f04d8ad8a6e7c2fac0798bd7410dcf2e35a6979997bf9bcade537005,527e0f752ec5352f9b61e40c1f21331a277d451f03833c3948361a9fa18eb363,4868dbdc0f7e0b9b84bf9ddc75412e3f1c4d294b07b3f2bfccb2657b8127b7e8,
4836ad18c72cd75c6435f0ff8ac86f65662f2f67abd62fdb81b25c8e49fbbae8,17a5e2cbc4515b211652498856b94da0d4f1cfe2728ce060c5444d072f1f1b06,73d9a53496eacc1d15cd419efd506a356a430cfbe556e527470b0c2c4ed07787,e9a325ca12c2dd5497c7fed249f4c3877a819046d7fe30afb31e2193ac6da391,f3eed72444928c9ff1bc7437557fe69786b6636b934e577c753a15b9884c25e4,f52025eba340f0f9022d592631fe210ebaa3e180debb5cedc3f99fee2eb5b667,0bb9ca8ab5bd027d6b893f4ab6efd4c4765e951cf0aabd86442e5e9972b1e7f5,9aa6b58ccdb0331404dc7d12ae0392c02d52b858b7c8358e2160b7ac8a8394d4,0046ebfe6fcf1932edf78adf74bfb803320de086a413c6e8f53a6b0bebb96d21,d479caacc51fdb8bb7b922eb4ce1e06e2394b73517a4451d5c51b0f585164743,9220a6d49522f65327ccece34a4fac6d5fca05c1365a33e1a6e5b35f53299ca7,23366c45bb0bd417b66d27fc7ca2a4a9e91c8894b006cce060a50ffca8dbb3df,a31c1d536fcd3d543884a6f889c1969fde002e248620d111550e56672e490644,4189d89b2b5d3e6089602bba453ccb2c168d5fbf61d753de05f523424869eace,0fccd918fb0c091cf1dda02d159492bdb58b691123a0352e93b5d380713753d3,0161d7c065046bc24702361a70eb809675cadbbbdce66345e3c633b619983cba,36bb3fe983f7f6db0ebea98e81c0b50d2699f6ba22e34519622c172efa1bb93e,b1cd7942357e949bb5217524fc6422d5e44ead6743603d45a5edb9bf58c46c4d,3aa9ac754bf5464a2af9715b186568ea3296d05e2cfbba2af46be362c324276a,7ad9d16d05bdd8eaef1cc1d30365161cc4f2955ab77987feee5ad462e4cfd014,
81c8fdfd279c5662936f0f02d06561cc6c409b1809358d65f7d732681f4059a0,eec7da4e9b7029817b24c27aa6ae74e56b75d3bb0df737e14c70f20eb309400f,c0c6ba6842296015653ddb52a6b1aba538a612bfbc0c991832cdafa07b1a2a56,3eb6c40fa66f0be3eae13f84d6d58f04ed0463d8f46b5b387374c853ead82bf5,d05249e45018132d975b54c8fe908b9ff35bc387021969f7704eb7d0395e70e1,6a2ee3e849059c30299840f920b1e52c845c831b6c09d0c0438ac1ae64db3ebd,f83f9932ca5692505ca048d6ff5d0c29583d084b5586770d4bf892adde7410fd,50cd63df72f1b3432b48bc9e797782b725c4638b3db1cc610ae3f7c26328a2bf,cd86107acf2741e1e61f68f3d29c94e26e3b2998e710893b15f099d8d738ef3b,66c2aa618a72ca13056e112a22bdab006511505b120eb13f361e2122aedff87b,f07b559c292a9a5981f8f08abf2d924371bbbfd3a5f489bb9e844b02cb413b30,aacb4e650759f89a1db4958dd3a38ac49bbd3543aa69c80725856e7763aa8362,1137d02f69fd6b18188a2d12b06b858e13e7c46b50029cca8a1bc06eda8bc8ff,d0969646c54e50cef3b093b7f34930d8684362aad00dd6cd535de6352c6de4a5,0c86c91cf0a6d884398f9ef6c0c9d950ef4257b445f3e8fe87e8743cfaed27ac,01cdb09060f224813411ba3fc9de148404e67b91ecedacea4ab37d267ed8fec0,6b00cc655f5993e1704a8396ea026aa8e6d3e1080f7f1c94c7122b72ac14a31e,0c3d4c3d4522bc2499e8b5e1eab1c09bdf006fdd84991b2e5e197c0ac507b3a3,f48d76c75518601676aef195b0061184814dc1cef20ee656913a6311c2e4ed08,c7d4503cf935cd1a53f1ecbeb7939343b1af9d29ce5fe0b02645bd4fbe72f90c,
23cea7973547bfa42460e2b3021765323d55d5f886f7530404a03fda31490a36,c507c0b9da7aa6383ff307318b5c2dbd85dd0f87a7ca0f970652bdb0c828ec5c,44182533429d010195d02956c577b686da4e07ab13f267a38c19ea010a827043,66ba506d06c4ff8ea077dee512c6d735f00c3f407ac06c017e25778d3c4f40e0,19a5efe89d40cbf2a30636ffe7f70666405cfec583b1952fdf31a6cb203ef62a,9561fac34a207d58e1e796b64a88dbad47435bfa007ecadad44ec46c19895443,d4e13e3302097346b1456ee08273acb1d37c34dec59f58f8f0a826cfe71130e6,0636ea8fae97c05a2302d5551665a95534da852cb71775765dce8ef15d758b5c,d8a14a82ab912f5198da7a758d675351dbf9429229294b06cf6a331a9dc2249b,409b51b15732c25b302a4cbcb447aabfcf115d0d85d1cab3b39fc24116302dbe,3195ef0b05ce2a4b5cc6b9510d0b67186ebe2d441c0910634db99df788b1e6c5,702720ad890abdbc8a6a52ae2997b7b9166d0fa6f76e5d6ce3fa25b2a288647e,33c5f7bb3d2ff3b7c9cb028097256d9c30895ce9201e281855f80be1b314d112,598c1fac8d7f74a2b0febbef01a269a594277e739060b033a66910e6a3aadce5,5266bcbb3e5e1bb260600052d1808c33f498ba8995b183884c1e9bcb25570a5b,d8f3ce872bd92c98b2eb07404031b08f3181cf0a0d7ff9ea9d4bf8502949e0b6,f204cd64bde421b10a7d945665adb95df9f940260bf4a3a4fd8ca9aaee16dde5,abb77227b2a24ab99678f4639661636ee4a97a0526e9fc751bb77e29ee6d9592,03d667dcda9cd26b017c159f873f7c49a39623ce3b2f2e90e6a6cc5d9890eb77,3469bb0ff34ef93be1c780c026d39197d1b4183154a1e07cf0d20e64beaca913,
e042a0fe34880e2b7e582cd19397a9c64fb5a4488565f0996c21a61d551af40e,8016af62d996f62e92cffc106b976f797cd4203732b1a2e6361c774bd6c33c3f,193e6fa2761d1c180704c3a0dadf59cee8e5f9543c25700d582ef8bc3084720e,977f209a98201f85289cba0a2dd2a8057c38fc01331bf550f4820c8e00ee8528,0ca30c62aba68d9c19c45c06dd3d26164c167148b9f382fbc66de3e8979bbd2a,081877eeeaba205220580808653573fe7a255b91877b1b71371254f8bc56cc99,0d56fa05dff47d1c273120ef5a9ff025ffca8187508377f3a38f8bbba895608b,8298134847c483bab6311f651c3e842f41e9d1950d693bceb82e67137e33f814,5033c129f408205e6aed9a528071dc2932e94922e08386bcb9eda4dd8580f88e,0b328fd1e11cf98b2a2277127ae30dc505e0504d5783ad3f9c8d10ec22850d41,6ab0066bd6db85a935147f8b69e29f32c561c29c46a8a73971523184392d2b84,d5996fe3e6f18432d5d21fe6a80a1718d3108ad9b95cf5681200e0908ba0e6bc,3f7a85fccfebb5c9c1491f9bcd35d251f5b21180fe190f001821ce8b9b70073e,e8fadbeffbef8e48966e9c57a8bb0ff94d78e8812ed925a9167d275ff4c5fceb,caae486d005abb6b7524393b444aae71c09363f1b74201a3299a8659a98a32bf,f3792cddc859c079f540e4b0672a66e685c7c75e863caaca7a65e02c8e589ce6,5662843a17ca93168c85ce231f93c28681ae0e9ae156f3af2a1a078aeb48c378,b426e0a490c7a23f13297adec9a45ff7e9cb8e92044db2ad3d326aa65d790408,76242bc672e5f259990e4a35475571317c7d9d4ad9ee28eb7287c9df4358931e,f24dea07c4178139ce3428676cf8d9cdbb7254bf4af8644cae74a392297e75bc,
ea0f23ddfa44fdd527fa3e96c0580a7e8b636cc0e2b0004e020837f52a2bf782,e0042ed2ad62a7a7c0da05d4aa90674abce40f2b1c696526afedf805cf92a859,c1146df3ea93be286e3e11690d452308f88b55a97422cddfa8d3b1c2bdd06535,074637fe5f14df9c9edad5ecca69f25ca58d831324a66e508138240021f83f95,15bd0f9d7aa21ba1c56fca435896a597683e80c551f055236347bf8a692911c8,80c55deeda4a6e6453a7394f77710d81a804371b01b754ccdd92abb5bf45d087,8154d9239ada0385deb865be84d8c8c917d8c59735cefac1a0a71cfb31c251ab,add7d67796d493a83ffba4aaa7e31c99fd9417c9c218ebc90851d6ede9017bf1,94c7d69019c6d8e1c6c0f85abeda08173db57c305884508d7e5171f5060df472,c7014e33258598e476c33809d0861b359a4d2eaf80346c5219305943da275cfb,064081b21d18fb072abd8c2f86804e0a4aefb26385c8629b9d5d7fc28c79c9a0,10bd39422b5b8c2fb3c973fa8c932e955085b1ba83ec3a0f0dde71fbaf7eb592,15edc3cbd85ede6a79248caae4afe8f597e09f64dd44f38f275cae5c9992df65,b49c628edb9f60d229c52a3d86b64d37dccca27930e33819e5bc0d42af9a8c03,72ea55c098baa48af53f89f6cc376f478a1475c883b7605e0de015a08edab164,8803317dcf63ffbcfb2cbf9d921357e27608210f465bb83b53d495fe75dd00d9,86dbf6700448fc9d301952701c8b4bd6815e5dda1a72b54fba5264f777680b0d,8075bb44dc809479e25ddc6aff8062b95463bbcc7c2f9b3257e99320a9c2c1e4,de1574ccb08a8c7881776892cadb0a9ca29ee9d7022c385f66ba8b6c1749fffa,465f0084583e1989f96816942621c56694dce84c7ed53877535144546b6936ab,
afcbbde77f6b2b41d742bcc552c1838a6408f58683bf60ee4f365f870c2692a8,b7a8d966eaafa42c50e18b18feaf6d85b95e9ee84372b32aafc662bc8d55c843,e7eea53118739fb53ddd7bc57cbf9d5c8ee2079f4d406ca167326a5c6108163a,3ab3f96d3be655dcdd40d76e564b83b473af52d1c7256a83e2bf81f445deb3c4,1d17686e0aaa09e48ea828b89026a8f7207d9aab3388f156820b75b60b2a5a2f,3cb8e64bd5ea3a2affbe5f1742035a1fd40d102cc2d2154a5955d6b013b84ccb,ee194f87e2b7cfcedc1b94be53ed4cd4ef653983e19f97ac99637604f7d532b3,d8a033887d2be5f16b7a69c6c7adc12623a2cdd785c2ee0afca66fd43396b0da,8f97fd38077a05d0a9c218f15b691f922914006798ba575f9268ecae21bddb1b,d8092389de3eb2561d04afdd88b3f6ee3e85681439e3dac660294892766b7b98,f18202b100d23c8fd715a650d17d45905bea2a12436c8e2a32c82b4d41b359d8,f68b14a894f5b29bd754fe479a5de3d9d4d30aa63591a16ef197307b25f9c718,a184b44d287dd7bc775987e58c0930086f26a6723c9cc1fead71f9a285e3b113,097a3c7ef6a9075b4e81c4a60e9adfb9a29cb0c414453138f2e23ca709bb9dba,62db3ff0d454a23775e1dce2a8125f9884b10f618158b5c90154386c25384c03,05bae608668bdb37ade9bcd8adb8fdc1041e94718387d6cba96959acfc997404,5571032d9b658b4ca2a812f1ad5383cc66b75b38c2e5db3707b5faa68b4ccbf2,17240b02b3e162e3b6fee980c81852aaf2b03fe86e53460aadf111c909f90159,a103abc212e0c4f3f7e3132e7a0245e46bf79f771e2f0fc3c2bbab690d061a39,4825751b5e1eea9e897c5555bbe3d5c5d95c52b700f2fdf567046643d09c3dd6,
ab0413c5bdc73882f774849c8eb883a66208be46c149add19da74bb04594fa85,041e5a9eae7707f5db0f0f218fb31a37c4fadf6c45df532f151454a012cccafa,7ee02f26db9b67a82ebc81eb914f1a84fb10ad037a2e1162208ba209c3d76fb6,277abe06e1c3723a7a31457e335bb278c220f4f3bb9b43ecaae2b74a6b5ba5b5,558304f99d25e33fa32233d1422666e87d7ecc25b78cda615df1ce74bcf6d70d,274d01af2e63666899a7245ca69613afbb15f17b46a98cebbfdf55725767a7d4,e781865aa9ef68e247d55d2d9188500d8d58ececd1a07d39e8817ef451a0befb,86bf2c91bb644c1fe752ee69a270ed1160ffbe1dc402e887dfa63d1a3d49bf61,788b1306b6eba299206a5e8fff9ad2825c1eb675f132b904554c210919e6ab0c,e35e4b0a9ed5607feccc6f980bdc961dac3d96b5b2607f4138c9d560692ee5af,d086a1f25fd9d33b8cceb5205ddb5d6c31326ddbec80b8b333cfe3c3dd567313,dce81f04aed7159f10fbec1e172254816c12e20d968b024bb318b1417cd80835,8d8e6374af1ab682097a93ea73e38afcb244c0fdce87b7e95800a9920f8af9f5,a59f69b99db978565f1c8d5d813981f56dec1f3ae133165821ba75788208843e,9b3dea769edbc1f6a75026d32d9b97df0de78572d4e7bea19d39668d0e7c19ba,7a10729b1de106ec9b12735fa80a3de4e44b619016083bf30e386faf15308c65,e528d61825c0a4bc9e91d5d53a9167141e0ebfe1ffe0daaae30f5d4acd01b26a,bfd6973b9d4426a4d5bd3037ba24de4117c69d2378c1f01d376a6331d39c8610,0bfb029e422fb8e8a2524b31597df27bb9cef6d7c788b78c5f381556d7beb9ca,ba49dce2aace467a32bb6580aa3c0563ad4c350495d0bd7239f01cd1e3fcfed2,
6abf98a8a7d08d414e10620f5332b982b8ca101e830683df36c6aa0924baebba,4706b6ea79ec1c5c55ace75fefcaa1ca7dff5be952dcd5c0052dc05053975f6b,f9e00c290dc72ee467e9a5a93a8d7049db6d493e2c8b1be06ae696c46142af13,d31ed62f24e78953e8817267e29038573d2c00f4ebcedc10ad5f4b4b49ef07ef,20baaafaa16026f3387b472d3ae3010a5a9278fd1b5afee1357cdcbbfb18d44f,2ae39edb8fc4a32bac1cdcb0e59411838cf60801fa15f342c8b8361254edc6af,a3d852249ed20c488bb2884b27eca3dae6c5966b6e6073f33dcd722fd4189425,46a9886684f6fa8df8be4aa0990b10875b162ab59c851c52d35c81c905fb5f19,495001c9a9e0ba7b5f092aa182db2b8e6fc725506a8754ced3d14d08f25d910e,53e4b486a1abd674f830ea0dad0f95742fede7077fd3a98dd3f1868a8531e474,7e009b559890d3b3afab4a9f175024e24f7ebd8193baacba49d53e4566eba891,6bc4e4db3aa74f24ca7f1f96eb8b39fdf5080b9132858ffc20d83130ebdb46a6,a3e8131fc7af375f5a2f4bd491c56760c6e1c4e30b0c87df0ee216f284f2a39d,bf698ef84c6d1d7d8e8e6bf308ed3a704c0ebb34bc9cd84fa42b691f25a1bca7,c33271953f6ce93843814f77647b6daed1d5d6fa9798212b710641d6ff3ecef2,6097fc64483468474dc1e9df1d39beb4901554c3c821c81c594683f2163096b7,01c832b9dfc5a0dddc80f86378e5684efa79b0792627359bb5103e435e72c109,92129de88564ebef146098f2c94c795c66ff5712a5bf73dc4270e72165001d5a,4f1a28e125b7957555595bc8576bc0b9b93f58d97424529bf01db9118b6fea9e,98a48d5489631013e756cafca1660517cb1ee5e2d288537ec7124f8d344a41bd,
c7539f653cce5a7fa9b5a0485a98496c3051263c9aa03ba50aab25990e208e42,be5609a4216bf3f4d927d6204e29a6e1812c0a3c3f38db1b0f04a55d5d76fade,5a14367eae3084232b51008b229b88b8c06ae4dbcc47f9cf3ac6b78281ab37fc,268139eae95785a7208e7aa1136af451fc5320425167fe8171abd00968bcb402,ec8b2a8c24b475f750b7515de70b9ea782c69d93916ce64a64e6be71d9ff66db,3b98398a89cbd1c1b1be1b28f739431f62bb2940ea47e4bc9acc9e7ce88d3767,81c6f669a5ae453b4ad241dc799edf51fcea03cd2c5355971abfcf4c18ce9199,e6cf817815839cbfbffc4b671579d0c5581533fe7fbe0855ad61c6b730efa1f3,cde7464ca4505ad44685f86aca0fd5badeffb4a911bdce52e608caf0f97f1c03,3c7069c71d3281a447c513aba2324f14f57c94b8953ad377dca4f074a8f83cb4,eab0b0461bf71b29482f6df4d195193cebd201879379d7427474039cd167d726,53f98acf2deff49c004d4d0c4f4704c3e89e55dc56d1288e9f96437009a3b5fd,fd350a3573b15076d6d1e6b7e6e47ac3a607a46c1e6bb576b83950bcb0a7fbd4,6c6c597b44d4876e3cda32b2d6db3bce3d180258f1ab48c8a8bcd297212f3712,1ac9cdfd386bcb9e7bb8cc37778f51ad19c7bc7f42bf117109464f607d1f8eda,9790b1c6e6b080d3ead052f6a9e70b4023d1c00c80d466bbd4eb066f33cd427b,67583fa8089e857dae4ba331527dc0fb70f90a790c7e603025ff515b4c55f7bc,b295fb4e57db59f70f8201165752ef9692938946a4f05ad4f28373cadbaee841,a0cf71779f94053ea3f29ebbbf0ee51cbad98cf982b1cdc5623b827802079b85,97539577196258d16266cac85af121a8973229212594e62ac10a0f195406972d,
bb768b051c685c3f05e9d4a2a454163408faa253c294851a7a7f6fd57c28c8d9,d6d6ca8583b8100dff54491c95e8fef88dc7753961c9f343bbecdc013ef7f41b,76b559dfded7265c779f100d7408adf07620e0782bd08b2d730b04d70b9991f6,236b9ead57ce5bd6546032358668367119bb963322775c49e08b2e5c034e2e1a,8950e1749f96a8229518415ee1513f1f52200cf422b6a2d4dcaf4e63c9f2ef15,6754992acb34fb6085621f8590591c1df2ed7668007b6025682af8fe727afc1c,7cf42b5bb2e6285b264e2938cb90858fa5a859d65b26395434eb37cdb49835a6,c17edab065bf9363a0d5d214f6aee0a69eafe2d661bb87d5f584ff3081d734c4,f43d464f9d135dbc83a9d645ccc15c167dbc69b1b7ba882202ac8c9e613d33be,a8af7eeed897948576541d50e32d4495b61507dbef4ff9a3b6f25633afb3da3d,981226846a1ec18b3930822e0fbc3ef0c3db14a2557fd258bae41018761be2b0,4a0aac379cfc1b28ca8a840e8337554c3b8cdb4a8c7fddcd91c71f4b97d1250b,32f78bacea86e270e419aa6c7d02ab3bdb982e8510c20ff651c6873fb1712bbc,bfb2c686273473343e1031cfd6cb1392999c5582a64134574a5916b23b76acb9,49fa3f4c495d07370630e8747fe2687881489c034a8b94de96b856c4aedbc84f,f6718c97d8b792e9e8e1f6ebd4d1f0b6b03f7f64718832ba721f08ea24ccb67e,98f53dc01ee6cd680a96c39c02333b2304db5cca7938492b1a04419fa9687967,ad0781e1da743d139ddaa77540a20d0570d342077a907aaff3d85a97a27e9671,a522900b911bd5e41d6ded095727b30198986fca6722b83f9fb39eb01089f844,238ad4cc61ada56467b54972c43e222bdc547013dd5e17fe4dc6894262da68c5,
